{"cameraMode":{"drawMode":0,"name":"Shaded","section":"Shading Mode"},"sceneLighting":false,"audioPlay":false,"sceneViewState":{"m_AlwaysRefresh":false,"showFog":false,"showSkybox":false,"showFlares":false,"showImageEffects":false,"showParticleSystems":false,"showVisualEffectGraphs":true,"m_FxEnabled":true},"in2DMode":false,"pivot":{"x":-0.11664961278438568,"y":1.935402750968933,"z":0.10258440673351288},"rotation":{"x":0.018679052591323854,"y":0.7554680705070496,"z":-0.021516546607017518,"w":0.6546135544776917},"size":0.055901698768138888,"orthographic":false}