{"cameraMode":{"drawMode":0,"name":"Shaded","section":"Shading Mode"},"sceneLighting":false,"audioPlay":false,"sceneViewState":{"m_AlwaysRefresh":false,"showFog":false,"showSkybox":false,"showFlares":false,"showImageEffects":false,"showParticleSystems":false,"showVisualEffectGraphs":true,"m_FxEnabled":true},"in2DMode":false,"pivot":{"x":-0.006004303693771362,"y":0.004277527332305908,"z":0.35266822576522829},"rotation":{"x":0.07251995801925659,"y":0.6761142611503601,"z":-0.06715559214353562,"w":0.7301369905471802},"size":0.4724898934364319,"orthographic":false}