{"cameraMode":{"drawMode":0,"name":"Shaded","section":"Shading Mode"},"sceneLighting":false,"audioPlay":false,"sceneViewState":{"m_AlwaysRefresh":false,"showFog":false,"showSkybox":false,"showFlares":false,"showImageEffects":false,"showParticleSystems":false,"showVisualEffectGraphs":true,"m_FxEnabled":true},"in2DMode":false,"pivot":{"x":-4.0902934074401859,"y":0.0011870104353874922,"z":-1.3934192657470704},"rotation":{"x":0.0012614185689017177,"y":0.4905039370059967,"z":-0.0007189696771092713,"w":0.8714368343353272},"size":-0.5946556329727173,"orthographic":false}