{"cameraMode":{"drawMode":0,"name":"Shaded","section":"Shading Mode"},"sceneLighting":false,"audioPlay":false,"sceneViewState":{"m_AlwaysRefresh":false,"showFog":false,"showSkybox":false,"showFlares":false,"showImageEffects":false,"showParticleSystems":false,"showVisualEffectGraphs":true,"m_FxEnabled":true},"in2DMode":false,"pivot":{"x":1.039379358291626,"y":1.497732162475586,"z":-6.678664207458496},"rotation":{"x":0.0001259943237528205,"y":0.9998721480369568,"z":-0.011999054811894894,"w":0.010499047115445137},"size":1.5442469120025635,"orthographic":true}