{"cameraMode":{"drawMode":0,"name":"Shaded","section":"Shading Mode"},"sceneLighting":false,"audioPlay":false,"sceneViewState":{"m_AlwaysRefresh":false,"showFog":false,"showSkybox":false,"showFlares":false,"showImageEffects":false,"showParticleSystems":false,"showVisualEffectGraphs":true,"m_FxEnabled":true},"in2DMode":false,"pivot":{"x":-3.748573362827301e-8,"y":0.00038786139339208603,"z":-4.0279701352119449e-8},"rotation":{"x":0.07251995801925659,"y":0.6761142611503601,"z":-0.06715559214353562,"w":0.7301369905471802},"size":0.01420629769563675,"orthographic":false}